name,id
Abi WAN TS,9c1f1d7a-b0ff-4957-918c-132cd7fe0133
Accelerated Prooving,912284d7-5f33-4d94-ac0e-b22a5504a1c0
Beerus,49d216e8-3341-4860-b5a8-03939e8e4096
Cairo-Foundry,ee3438d1-974b-47f6-b940-ccd6e9b30113
Checkpoint,ed5b0c32-6c68-4683-8e49-08cca89f3129
CredLancer Starknet,536ba42c-fcd5-4901-b79d-21eafd50136d
Damn  Vulnerable Defi Starknet,fe01a54e-e4ff-4d64-aa76-275e376a8e87
DevNet,36b0f483-03ff-4757-888d-bf7380129427
Dip,ab143ce2-a12d-4a5f-af1e-150457dbd926
DipDup,e1b6d080-7f15-4531-9259-10c3dae26848
dojo-beta,6c055ac6-383d-4013-811b-26a0386574a4
EventSubscription - WebSocket,3c050691-8a7d-4b9b-b2a6-d90e06652fda
Fair Raffle,cbeb8f91-bac2-4fa0-b400-d0233dbd4052
Ledger Fresh,b58e7b9e-5bc2-4e7d-a851-5ddbb464852c
Garaga,9c9e62da-2b70-443a-9604-20c10945b263
Genkidama,59139298-b83d-4090-8ca5-dff1bef91809
Hardhat-Plugin,10433291-0505-4cac-9975-44bf20f90f34
Kaaper,df3c33dc-12bf-4b6a-abe7-44abba2bf38f
Kaioshin,2696a128-cf54-4857-8740-9e62eb92bc3e
Kakarot,cbdfa400-5b5a-4754-8848-e78edac261fd
learnXinYminutes,0e75161b-3339-4e63-8ff3-a4651eede2d9
Morphine,54f2df5e-decb-44d8-9a6e-d35f9b292569
nile-rs,e5b10ab1-bd54-483e-9520-b7eefc4abaae
phaser-starknet-boilerplate,74fad6db-0c1b-4545-b779-c656214ecf36
Poseidon,75c1d167-2842-4658-9ba4-96450d407503
ryogoku,5b879263-2a54-4b77-aba0-2fbd15455dca
Sandstorm,e46f9e8d-4574-46e5-aac4-bc26f505bc8e
shefcraft,b2c93fd5-6759-4d9d-b792-89cf50d40336
shhtarknet,07084ec2-2742-47c5-a1ad-ca909396ca5c
Shovel,7e8705e8-e5c6-4689-b693-5ff2a78e68aa
Sphinx,9258c570-94d1-4f22-8664-323990af46d9
Starkboard,eff11d5a-5af9-4883-aa7e-7148bbdbcaba
Starklane,16cc2168-f03e-444e-88e6-88e7ad1eadfb
Starklings-Cairo1,6196eca8-5467-4587-b9f7-8ebebab0f841
StarkLink,b4a47c8c-cc54-44b8-a796-b5475d44f7b1
Starknet React,94d28a7f-b9dc-49b5-9e4e-1b143f1ac52e
Starknet-id,fe49e704-b7d1-46e7-b9f8-fbbd33db02a6
starknet-rs,6516f61c-b8e2-4eab-82f7-887dd7037c23
Starknet.dart,4e011be6-640d-4a73-b001-527d41603ef5
starknet.js,b3ef25fa-7d7e-4395-86c4-872b9acc59ef
Starky,a4317254-12c2-480c-b534-7cd1e99c6612
SybilShield,32b64aba-6c42-4d71-87fe-2fa5c73796ac
WTF Academy Starknet,bf5a1c4b-cc98-49d5-a854-cb05b1ae4961
ZeroSync,92f022a9-dbd8-446f-a2a5-b161ccb4541c
ZK-Swap,5f22db78-10df-4055-8ea2-c2c303ad9b70